customer_id,customer_name,segment,risk_band,kyc_score
1,Customer 0001,wealth,high,85.12
2,Customer 0002,small_business,low,75.04
3,Customer 0003,retail,medium,81.32
4,Customer 0004,wealth,high,96.41
5,Customer 0005,small_business,low,94.41
6,Customer 0006,retail,medium,74.58
7,Customer 0007,wealth,high,83.38
8,Customer 0008,small_business,low,87.53
9,Customer 0009,retail,medium,78.38
10,Customer 0010,wealth,high,91.55
11,Customer 0011,small_business,low,73.14
12,Customer 0012,retail,medium,94.21
13,Customer 0013,wealth,high,88.16
14,Customer 0014,small_business,low,73.89
15,Customer 0015,retail,medium,79.42
16,Customer 0016,wealth,high,90.0
17,Customer 0017,small_business,low,87.37
18,Customer 0018,retail,medium,84.99
19,Customer 0019,wealth,high,72.89
20,Customer 0020,small_business,low,78.02
21,Customer 0021,retail,medium,87.29
22,Customer 0022,wealth,high,93.82
23,Customer 0023,small_business,low,86.04
24,Customer 0024,retail,medium,89.85
25,Customer 0025,wealth,high,83.0
26,Customer 0026,small_business,low,95.67
27,Customer 0027,retail,medium,77.38
28,Customer 0028,wealth,high,78.12
29,Customer 0029,small_business,low,93.69
30,Customer 0030,retail,medium,86.12
31,Customer 0031,wealth,high,78.82
32,Customer 0032,small_business,low,88.76
33,Customer 0033,retail,medium,84.4
34,Customer 0034,wealth,high,86.9
35,Customer 0035,small_business,low,75.72
36,Customer 0036,retail,medium,95.25
37,Customer 0037,wealth,high,91.05
38,Customer 0038,small_business,low,92.44
39,Customer 0039,retail,medium,77.99
40,Customer 0040,wealth,high,83.36
41,Customer 0041,small_business,low,91.86
42,Customer 0042,retail,medium,82.19
43,Customer 0043,wealth,high,86.43
44,Customer 0044,small_business,low,87.49
45,Customer 0045,retail,medium,90.07
46,Customer 0046,wealth,high,82.01
47,Customer 0047,small_business,low,83.95
48,Customer 0048,retail,medium,79.4
49,Customer 0049,wealth,high,95.02
50,Customer 0050,small_business,low,85.79
51,Customer 0051,retail,medium,80.79
52,Customer 0052,wealth,high,90.97
53,Customer 0053,small_business,low,87.96
54,Customer 0054,retail,medium,88.97
55,Customer 0055,wealth,high,76.47
56,Customer 0056,small_business,low,94.14
57,Customer 0057,retail,medium,85.16
58,Customer 0058,wealth,high,89.82
59,Customer 0059,small_business,low,87.87
60,Customer 0060,retail,medium,78.6
61,Customer 0061,wealth,high,92.14
62,Customer 0062,small_business,low,95.34
63,Customer 0063,retail,medium,93.01
64,Customer 0064,wealth,high,73.93
65,Customer 0065,small_business,low,77.66
66,Customer 0066,retail,medium,95.02
67,Customer 0067,wealth,high,72.76
68,Customer 0068,small_business,low,95.11
69,Customer 0069,retail,medium,77.22
70,Customer 0070,wealth,high,77.05
71,Customer 0071,small_business,low,89.51
72,Customer 0072,retail,medium,76.8
73,Customer 0073,wealth,high,92.2
74,Customer 0074,small_business,low,77.18
75,Customer 0075,retail,medium,82.17
76,Customer 0076,wealth,high,91.06
77,Customer 0077,small_business,low,92.83
78,Customer 0078,retail,medium,87.27
79,Customer 0079,wealth,high,84.5
80,Customer 0080,small_business,low,82.65
81,Customer 0081,retail,medium,72.34
82,Customer 0082,wealth,high,85.64
83,Customer 0083,small_business,low,95.08
84,Customer 0084,retail,medium,82.79
85,Customer 0085,wealth,high,87.48
86,Customer 0086,small_business,low,86.44
87,Customer 0087,retail,medium,85.24
88,Customer 0088,wealth,high,85.94
89,Customer 0089,small_business,low,85.18
90,Customer 0090,retail,medium,73.62
91,Customer 0091,wealth,high,77.78
92,Customer 0092,small_business,low,95.19
93,Customer 0093,retail,medium,90.44
94,Customer 0094,wealth,high,95.09
95,Customer 0095,small_business,low,76.88
96,Customer 0096,retail,medium,94.14
97,Customer 0097,wealth,high,96.22
98,Customer 0098,small_business,low,95.79
99,Customer 0099,retail,medium,89.45
100,Customer 0100,wealth,high,88.5
101,Customer 0101,small_business,low,89.62
102,Customer 0102,retail,medium,86.89
103,Customer 0103,wealth,high,74.85
104,Customer 0104,small_business,low,73.31
105,Customer 0105,retail,medium,86.12
106,Customer 0106,wealth,high,77.22
107,Customer 0107,small_business,low,77.74
108,Customer 0108,retail,medium,86.55
109,Customer 0109,wealth,high,96.44
110,Customer 0110,small_business,low,89.58
111,Customer 0111,retail,medium,92.58
112,Customer 0112,wealth,high,79.4
113,Customer 0113,small_business,low,93.8
114,Customer 0114,retail,medium,74.02
115,Customer 0115,wealth,high,92.27
116,Customer 0116,small_business,low,91.86
117,Customer 0117,retail,medium,96.85
118,Customer 0118,wealth,high,93.86
119,Customer 0119,small_business,low,86.53
120,Customer 0120,retail,medium,90.12
121,Customer 0121,wealth,high,81.07
122,Customer 0122,small_business,low,91.0
123,Customer 0123,retail,medium,84.76
124,Customer 0124,wealth,high,84.32
125,Customer 0125,small_business,low,96.16
126,Customer 0126,retail,medium,72.23
127,Customer 0127,wealth,high,73.57
128,Customer 0128,small_business,low,94.5
129,Customer 0129,retail,medium,89.93
130,Customer 0130,wealth,high,88.79
131,Customer 0131,small_business,low,84.35
132,Customer 0132,retail,medium,89.37
133,Customer 0133,wealth,high,92.91
134,Customer 0134,small_business,low,86.85
135,Customer 0135,retail,medium,89.48
136,Customer 0136,wealth,high,79.48
137,Customer 0137,small_business,low,91.78
138,Customer 0138,retail,medium,92.25
139,Customer 0139,wealth,high,88.72
140,Customer 0140,small_business,low,95.37
141,Customer 0141,retail,medium,95.11
142,Customer 0142,wealth,high,79.42
143,Customer 0143,small_business,low,72.38
144,Customer 0144,retail,medium,86.16
145,Customer 0145,wealth,high,73.02
146,Customer 0146,small_business,low,91.42
147,Customer 0147,retail,medium,82.34
148,Customer 0148,wealth,high,95.73
149,Customer 0149,small_business,low,96.18
150,Customer 0150,retail,medium,77.17
151,Customer 0151,wealth,high,94.8
152,Customer 0152,small_business,low,96.89
153,Customer 0153,retail,medium,90.24
154,Customer 0154,wealth,high,82.48
155,Customer 0155,small_business,low,72.09
156,Customer 0156,retail,medium,80.93
157,Customer 0157,wealth,high,75.64
158,Customer 0158,small_business,low,86.21
159,Customer 0159,retail,medium,90.11
160,Customer 0160,wealth,high,82.82
161,Customer 0161,small_business,low,76.37
162,Customer 0162,retail,medium,77.39
163,Customer 0163,wealth,high,83.42
164,Customer 0164,small_business,low,90.93
165,Customer 0165,retail,medium,81.67
166,Customer 0166,wealth,high,73.72
167,Customer 0167,small_business,low,89.29
168,Customer 0168,retail,medium,83.73
169,Customer 0169,wealth,high,85.36
170,Customer 0170,small_business,low,93.65
171,Customer 0171,retail,medium,95.07
172,Customer 0172,wealth,high,86.29
173,Customer 0173,small_business,low,81.41
174,Customer 0174,retail,medium,74.01
175,Customer 0175,wealth,high,92.42
176,Customer 0176,small_business,low,90.1
177,Customer 0177,retail,medium,86.03
178,Customer 0178,wealth,high,77.12
179,Customer 0179,small_business,low,77.31
180,Customer 0180,retail,medium,78.61
181,Customer 0181,wealth,high,85.64
182,Customer 0182,small_business,low,77.4
183,Customer 0183,retail,medium,88.96
184,Customer 0184,wealth,high,82.71
185,Customer 0185,small_business,low,81.81
186,Customer 0186,retail,medium,81.49
187,Customer 0187,wealth,high,72.64
188,Customer 0188,small_business,low,92.88
189,Customer 0189,retail,medium,80.66
190,Customer 0190,wealth,high,91.75
191,Customer 0191,small_business,low,94.51
192,Customer 0192,retail,medium,73.85
193,Customer 0193,wealth,high,83.89
194,Customer 0194,small_business,low,79.33
195,Customer 0195,retail,medium,74.97
196,Customer 0196,wealth,high,92.56
197,Customer 0197,small_business,low,85.39
198,Customer 0198,retail,medium,80.92
199,Customer 0199,wealth,high,73.42
200,Customer 0200,small_business,low,91.17
201,Customer 0201,retail,medium,92.07
202,Customer 0202,wealth,high,78.57
203,Customer 0203,small_business,low,91.81
204,Customer 0204,retail,medium,75.48
205,Customer 0205,wealth,high,92.9
206,Customer 0206,small_business,low,91.35
207,Customer 0207,retail,medium,89.16
208,Customer 0208,wealth,high,80.8
209,Customer 0209,small_business,low,84.34
210,Customer 0210,retail,medium,72.25
211,Customer 0211,wealth,high,88.68
212,Customer 0212,small_business,low,73.46
213,Customer 0213,retail,medium,74.87
214,Customer 0214,wealth,high,94.29
215,Customer 0215,small_business,low,95.64
216,Customer 0216,retail,medium,89.05
217,Customer 0217,wealth,high,96.08
218,Customer 0218,small_business,low,72.11
219,Customer 0219,retail,medium,88.87
220,Customer 0220,wealth,high,80.15
221,Customer 0221,small_business,low,73.09
222,Customer 0222,retail,medium,82.02
223,Customer 0223,wealth,high,85.42
224,Customer 0224,small_business,low,86.44
225,Customer 0225,retail,medium,81.72
226,Customer 0226,wealth,high,90.52
227,Customer 0227,small_business,low,95.74
228,Customer 0228,retail,medium,84.16
229,Customer 0229,wealth,high,89.51
230,Customer 0230,small_business,low,78.0
231,Customer 0231,retail,medium,92.05
232,Customer 0232,wealth,high,93.65
233,Customer 0233,small_business,low,78.95
234,Customer 0234,retail,medium,80.19
235,Customer 0235,wealth,high,73.41
236,Customer 0236,small_business,low,92.76
237,Customer 0237,retail,medium,76.63
238,Customer 0238,wealth,high,84.9
239,Customer 0239,small_business,low,93.3
240,Customer 0240,retail,medium,94.92
241,Customer 0241,wealth,high,83.67
242,Customer 0242,small_business,low,92.8
243,Customer 0243,retail,medium,78.13
244,Customer 0244,wealth,high,94.01
245,Customer 0245,small_business,low,78.11
246,Customer 0246,retail,medium,91.27
247,Customer 0247,wealth,high,96.85
248,Customer 0248,small_business,low,85.92
249,Customer 0249,retail,medium,86.7
250,Customer 0250,wealth,high,74.95
251,Customer 0251,small_business,low,72.07
252,Customer 0252,retail,medium,84.4
253,Customer 0253,wealth,high,85.78
254,Customer 0254,small_business,low,84.52
255,Customer 0255,retail,medium,92.72
256,Customer 0256,wealth,high,94.49
257,Customer 0257,small_business,low,93.03
258,Customer 0258,retail,medium,93.31
259,Customer 0259,wealth,high,84.02
260,Customer 0260,small_business,low,90.73
261,Customer 0261,retail,medium,83.51
262,Customer 0262,wealth,high,95.36
263,Customer 0263,small_business,low,90.27
264,Customer 0264,retail,medium,79.98
265,Customer 0265,wealth,high,80.67
266,Customer 0266,small_business,low,76.04
267,Customer 0267,retail,medium,72.07
268,Customer 0268,wealth,high,79.31
269,Customer 0269,small_business,low,78.37
270,Customer 0270,retail,medium,95.16
271,Customer 0271,wealth,high,91.7
272,Customer 0272,small_business,low,74.19
273,Customer 0273,retail,medium,91.05
274,Customer 0274,wealth,high,82.32
275,Customer 0275,small_business,low,79.92
276,Customer 0276,retail,medium,83.05
277,Customer 0277,wealth,high,91.36
278,Customer 0278,small_business,low,78.34
279,Customer 0279,retail,medium,77.65
280,Customer 0280,wealth,high,93.55
281,Customer 0281,small_business,low,82.43
282,Customer 0282,retail,medium,91.28
283,Customer 0283,wealth,high,72.66
284,Customer 0284,small_business,low,88.86
285,Customer 0285,retail,medium,89.03
286,Customer 0286,wealth,high,77.05
287,Customer 0287,small_business,low,90.18
288,Customer 0288,retail,medium,79.83
289,Customer 0289,wealth,high,80.58
290,Customer 0290,small_business,low,96.59
291,Customer 0291,retail,medium,86.66
292,Customer 0292,wealth,high,91.02
293,Customer 0293,small_business,low,80.42
294,Customer 0294,retail,medium,92.94
295,Customer 0295,wealth,high,77.22
296,Customer 0296,small_business,low,95.91
297,Customer 0297,retail,medium,83.4
298,Customer 0298,wealth,high,74.0
299,Customer 0299,small_business,low,78.94
300,Customer 0300,retail,medium,81.93
301,Customer 0301,wealth,high,72.6
302,Customer 0302,small_business,low,85.68
303,Customer 0303,retail,medium,85.67
304,Customer 0304,wealth,high,84.24
305,Customer 0305,small_business,low,88.4
306,Customer 0306,retail,medium,82.25
307,Customer 0307,wealth,high,84.14
308,Customer 0308,small_business,low,90.35
309,Customer 0309,retail,medium,90.1
310,Customer 0310,wealth,high,81.33
311,Customer 0311,small_business,low,88.72
312,Customer 0312,retail,medium,73.75
313,Customer 0313,wealth,high,93.34
314,Customer 0314,small_business,low,81.32
315,Customer 0315,retail,medium,81.99
316,Customer 0316,wealth,high,84.52
317,Customer 0317,small_business,low,86.72
318,Customer 0318,retail,medium,72.22
319,Customer 0319,wealth,high,77.59
320,Customer 0320,small_business,low,76.36
321,Customer 0321,retail,medium,85.6
322,Customer 0322,wealth,high,83.87
323,Customer 0323,small_business,low,91.59
324,Customer 0324,retail,medium,79.72
325,Customer 0325,wealth,high,77.75
326,Customer 0326,small_business,low,75.39
327,Customer 0327,retail,medium,77.76
328,Customer 0328,wealth,high,77.11
329,Customer 0329,small_business,low,79.31
330,Customer 0330,retail,medium,76.93
331,Customer 0331,wealth,high,84.0
332,Customer 0332,small_business,low,93.96
333,Customer 0333,retail,medium,74.59
334,Customer 0334,wealth,high,89.3
335,Customer 0335,small_business,low,78.5
336,Customer 0336,retail,medium,90.12
337,Customer 0337,wealth,high,76.53
338,Customer 0338,small_business,low,88.87
339,Customer 0339,retail,medium,85.1
340,Customer 0340,wealth,high,76.75
341,Customer 0341,small_business,low,88.01
342,Customer 0342,retail,medium,72.13
343,Customer 0343,wealth,high,79.06
344,Customer 0344,small_business,low,81.84
345,Customer 0345,retail,medium,74.46
346,Customer 0346,wealth,high,74.09
347,Customer 0347,small_business,low,89.89
348,Customer 0348,retail,medium,79.74
349,Customer 0349,wealth,high,76.64
350,Customer 0350,small_business,low,92.03
351,Customer 0351,retail,medium,80.57
352,Customer 0352,wealth,high,86.73
353,Customer 0353,small_business,low,92.85
354,Customer 0354,retail,medium,74.62
355,Customer 0355,wealth,high,76.32
356,Customer 0356,small_business,low,89.78
357,Customer 0357,retail,medium,86.68
358,Customer 0358,wealth,high,91.66
359,Customer 0359,small_business,low,81.01
360,Customer 0360,retail,medium,92.82
361,Customer 0361,wealth,high,74.12
362,Customer 0362,small_business,low,72.39
363,Customer 0363,retail,medium,72.9
364,Customer 0364,wealth,high,76.86
365,Customer 0365,small_business,low,83.81
366,Customer 0366,retail,medium,73.86
367,Customer 0367,wealth,high,89.01
368,Customer 0368,small_business,low,84.83
369,Customer 0369,retail,medium,89.87
370,Customer 0370,wealth,high,75.26
371,Customer 0371,small_business,low,92.68
372,Customer 0372,retail,medium,76.48
373,Customer 0373,wealth,high,82.23
374,Customer 0374,small_business,low,84.66
375,Customer 0375,retail,medium,89.99
376,Customer 0376,wealth,high,95.05
377,Customer 0377,small_business,low,73.19
378,Customer 0378,retail,medium,93.33
379,Customer 0379,wealth,high,77.82
380,Customer 0380,small_business,low,95.67
381,Customer 0381,retail,medium,79.71
382,Customer 0382,wealth,high,75.36
383,Customer 0383,small_business,low,76.71
384,Customer 0384,retail,medium,77.56
385,Customer 0385,wealth,high,78.41
386,Customer 0386,small_business,low,77.2
387,Customer 0387,retail,medium,95.15
388,Customer 0388,wealth,high,92.88
389,Customer 0389,small_business,low,81.51
390,Customer 0390,retail,medium,74.51
391,Customer 0391,wealth,high,88.91
392,Customer 0392,small_business,low,82.27
393,Customer 0393,retail,medium,79.1
394,Customer 0394,wealth,high,83.7
395,Customer 0395,small_business,low,75.26
396,Customer 0396,retail,medium,91.14
397,Customer 0397,wealth,high,92.99
398,Customer 0398,small_business,low,87.77
399,Customer 0399,retail,medium,83.75
400,Customer 0400,wealth,high,72.94
401,Customer 0401,small_business,low,86.56
402,Customer 0402,retail,medium,90.61
403,Customer 0403,wealth,high,77.22
404,Customer 0404,small_business,low,75.35
405,Customer 0405,retail,medium,81.79
406,Customer 0406,wealth,high,87.88
407,Customer 0407,small_business,low,86.3
408,Customer 0408,retail,medium,81.97
409,Customer 0409,wealth,high,86.73
410,Customer 0410,small_business,low,81.98
411,Customer 0411,retail,medium,83.7
412,Customer 0412,wealth,high,80.41
413,Customer 0413,small_business,low,84.8
414,Customer 0414,retail,medium,89.83
415,Customer 0415,wealth,high,78.66
416,Customer 0416,small_business,low,76.64
417,Customer 0417,retail,medium,96.15
418,Customer 0418,wealth,high,88.99
419,Customer 0419,small_business,low,84.34
420,Customer 0420,retail,medium,82.61
421,Customer 0421,wealth,high,85.05
422,Customer 0422,small_business,low,88.83
423,Customer 0423,retail,medium,85.89
424,Customer 0424,wealth,high,79.24
425,Customer 0425,small_business,low,95.0
426,Customer 0426,retail,medium,74.76
427,Customer 0427,wealth,high,92.29
428,Customer 0428,small_business,low,82.13
429,Customer 0429,retail,medium,82.37
430,Customer 0430,wealth,high,72.98
431,Customer 0431,small_business,low,83.93
432,Customer 0432,retail,medium,72.3
433,Customer 0433,wealth,high,93.52
434,Customer 0434,small_business,low,81.83
435,Customer 0435,retail,medium,72.92
436,Customer 0436,wealth,high,83.24
437,Customer 0437,small_business,low,78.52
438,Customer 0438,retail,medium,72.26
439,Customer 0439,wealth,high,90.02
440,Customer 0440,small_business,low,86.65
441,Customer 0441,retail,medium,96.79
442,Customer 0442,wealth,high,93.27
443,Customer 0443,small_business,low,83.42
444,Customer 0444,retail,medium,76.53
445,Customer 0445,wealth,high,73.0
446,Customer 0446,small_business,low,84.2
447,Customer 0447,retail,medium,77.0
448,Customer 0448,wealth,high,87.38
449,Customer 0449,small_business,low,91.01
450,Customer 0450,retail,medium,95.18
451,Customer 0451,wealth,high,89.19
452,Customer 0452,small_business,low,89.77
453,Customer 0453,retail,medium,77.03
454,Customer 0454,wealth,high,83.92
455,Customer 0455,small_business,low,77.6
456,Customer 0456,retail,medium,77.06
457,Customer 0457,wealth,high,75.93
458,Customer 0458,small_business,low,83.83
459,Customer 0459,retail,medium,73.89
460,Customer 0460,wealth,high,93.28
461,Customer 0461,small_business,low,81.36
462,Customer 0462,retail,medium,90.67
463,Customer 0463,wealth,high,85.79
464,Customer 0464,small_business,low,74.23
465,Customer 0465,retail,medium,88.11
466,Customer 0466,wealth,high,78.73
467,Customer 0467,small_business,low,75.43
468,Customer 0468,retail,medium,95.4
469,Customer 0469,wealth,high,91.09
470,Customer 0470,small_business,low,85.3
471,Customer 0471,retail,medium,88.57
472,Customer 0472,wealth,high,90.28
473,Customer 0473,small_business,low,94.16
474,Customer 0474,retail,medium,83.09
475,Customer 0475,wealth,high,80.7
476,Customer 0476,small_business,low,92.99
477,Customer 0477,retail,medium,94.61
478,Customer 0478,wealth,high,94.63
479,Customer 0479,small_business,low,77.93
480,Customer 0480,retail,medium,88.99
481,Customer 0481,wealth,high,75.25
482,Customer 0482,small_business,low,72.63
483,Customer 0483,retail,medium,72.24
484,Customer 0484,wealth,high,76.38
485,Customer 0485,small_business,low,78.32
486,Customer 0486,retail,medium,92.28
487,Customer 0487,wealth,high,75.84
488,Customer 0488,small_business,low,84.3
489,Customer 0489,retail,medium,82.5
490,Customer 0490,wealth,high,83.33
491,Customer 0491,small_business,low,83.0
492,Customer 0492,retail,medium,78.29
493,Customer 0493,wealth,high,78.75
494,Customer 0494,small_business,low,72.13
495,Customer 0495,retail,medium,80.33
496,Customer 0496,wealth,high,73.61
497,Customer 0497,small_business,low,74.06
498,Customer 0498,retail,medium,93.14
499,Customer 0499,wealth,high,92.79
500,Customer 0500,small_business,low,91.18
501,Customer 0501,retail,medium,81.64
502,Customer 0502,wealth,high,96.83
503,Customer 0503,small_business,low,95.05
504,Customer 0504,retail,medium,75.93
505,Customer 0505,wealth,high,92.07
506,Customer 0506,small_business,low,84.02
507,Customer 0507,retail,medium,88.53
508,Customer 0508,wealth,high,90.72
509,Customer 0509,small_business,low,73.15
510,Customer 0510,retail,medium,91.06
511,Customer 0511,wealth,high,84.96
512,Customer 0512,small_business,low,77.18
513,Customer 0513,retail,medium,73.64
514,Customer 0514,wealth,high,96.69
515,Customer 0515,small_business,low,78.88
516,Customer 0516,retail,medium,88.31
517,Customer 0517,wealth,high,95.31
518,Customer 0518,small_business,low,74.24
519,Customer 0519,retail,medium,96.71
520,Customer 0520,wealth,high,75.19
521,Customer 0521,small_business,low,76.49
522,Customer 0522,retail,medium,80.24
523,Customer 0523,wealth,high,87.53
524,Customer 0524,small_business,low,92.58
525,Customer 0525,retail,medium,79.81
526,Customer 0526,wealth,high,80.28
527,Customer 0527,small_business,low,73.12
528,Customer 0528,retail,medium,74.18
529,Customer 0529,wealth,high,90.74
530,Customer 0530,small_business,low,78.88
531,Customer 0531,retail,medium,90.5
532,Customer 0532,wealth,high,86.77
533,Customer 0533,small_business,low,89.24
534,Customer 0534,retail,medium,83.41
535,Customer 0535,wealth,high,80.95
536,Customer 0536,small_business,low,81.72
537,Customer 0537,retail,medium,72.52
538,Customer 0538,wealth,high,94.88
539,Customer 0539,small_business,low,87.56
540,Customer 0540,retail,medium,92.63
541,Customer 0541,wealth,high,95.2
542,Customer 0542,small_business,low,74.97
543,Customer 0543,retail,medium,84.65
544,Customer 0544,wealth,high,76.95
545,Customer 0545,small_business,low,95.62
546,Customer 0546,retail,medium,82.77
547,Customer 0547,wealth,high,90.16
548,Customer 0548,small_business,low,96.77
549,Customer 0549,retail,medium,85.27
550,Customer 0550,wealth,high,88.23
551,Customer 0551,small_business,low,95.17
552,Customer 0552,retail,medium,75.14
553,Customer 0553,wealth,high,92.24
554,Customer 0554,small_business,low,96.82
555,Customer 0555,retail,medium,90.75
556,Customer 0556,wealth,high,76.03
557,Customer 0557,small_business,low,73.18
558,Customer 0558,retail,medium,77.93
559,Customer 0559,wealth,high,85.98
560,Customer 0560,small_business,low,88.75
561,Customer 0561,retail,medium,74.05
562,Customer 0562,wealth,high,76.66
563,Customer 0563,small_business,low,82.78
564,Customer 0564,retail,medium,95.89
565,Customer 0565,wealth,high,78.4
566,Customer 0566,small_business,low,88.94
567,Customer 0567,retail,medium,89.02
568,Customer 0568,wealth,high,74.63
569,Customer 0569,small_business,low,89.77
570,Customer 0570,retail,medium,76.83
571,Customer 0571,wealth,high,85.14
572,Customer 0572,small_business,low,80.82
573,Customer 0573,retail,medium,79.12
574,Customer 0574,wealth,high,87.35
575,Customer 0575,small_business,low,86.8
576,Customer 0576,retail,medium,89.79
577,Customer 0577,wealth,high,84.66
578,Customer 0578,small_business,low,76.78
579,Customer 0579,retail,medium,81.42
580,Customer 0580,wealth,high,76.64
581,Customer 0581,small_business,low,94.39
582,Customer 0582,retail,medium,94.71
583,Customer 0583,wealth,high,92.6
584,Customer 0584,small_business,low,79.8
585,Customer 0585,retail,medium,96.88
586,Customer 0586,wealth,high,85.52
587,Customer 0587,small_business,low,89.83
588,Customer 0588,retail,medium,80.53
589,Customer 0589,wealth,high,92.95
590,Customer 0590,small_business,low,88.43
591,Customer 0591,retail,medium,72.22
592,Customer 0592,wealth,high,77.34
593,Customer 0593,small_business,low,83.62
594,Customer 0594,retail,medium,92.18
595,Customer 0595,wealth,high,96.26
596,Customer 0596,small_business,low,84.08
597,Customer 0597,retail,medium,88.45
598,Customer 0598,wealth,high,80.0
599,Customer 0599,small_business,low,89.05
600,Customer 0600,retail,medium,74.24
601,Customer 0601,wealth,high,93.8
602,Customer 0602,small_business,low,93.54
603,Customer 0603,retail,medium,96.71
604,Customer 0604,wealth,high,81.39
605,Customer 0605,small_business,low,84.09
606,Customer 0606,retail,medium,75.8
607,Customer 0607,wealth,high,93.94
608,Customer 0608,small_business,low,73.94
609,Customer 0609,retail,medium,75.94
610,Customer 0610,wealth,high,89.6
611,Customer 0611,small_business,low,76.53
612,Customer 0612,retail,medium,90.24
613,Customer 0613,wealth,high,90.37
614,Customer 0614,small_business,low,81.93
615,Customer 0615,retail,medium,80.07
616,Customer 0616,wealth,high,73.39
617,Customer 0617,small_business,low,85.89
618,Customer 0618,retail,medium,78.12
619,Customer 0619,wealth,high,73.34
620,Customer 0620,small_business,low,90.06
621,Customer 0621,retail,medium,96.63
622,Customer 0622,wealth,high,83.35
623,Customer 0623,small_business,low,75.63
624,Customer 0624,retail,medium,84.01
625,Customer 0625,wealth,high,75.68
626,Customer 0626,small_business,low,88.14
627,Customer 0627,retail,medium,92.7
628,Customer 0628,wealth,high,90.32
629,Customer 0629,small_business,low,81.3
630,Customer 0630,retail,medium,96.63
631,Customer 0631,wealth,high,77.92
632,Customer 0632,small_business,low,78.93
633,Customer 0633,retail,medium,92.37
634,Customer 0634,wealth,high,83.08
635,Customer 0635,small_business,low,83.3
636,Customer 0636,retail,medium,72.01
637,Customer 0637,wealth,high,83.11
638,Customer 0638,small_business,low,81.2
639,Customer 0639,retail,medium,90.39
640,Customer 0640,wealth,high,96.14
641,Customer 0641,small_business,low,78.59
642,Customer 0642,retail,medium,93.84
643,Customer 0643,wealth,high,88.82
644,Customer 0644,small_business,low,91.53
645,Customer 0645,retail,medium,91.34
646,Customer 0646,wealth,high,76.71
647,Customer 0647,small_business,low,74.11
648,Customer 0648,retail,medium,84.9
649,Customer 0649,wealth,high,73.4
650,Customer 0650,small_business,low,83.23
651,Customer 0651,retail,medium,81.79
652,Customer 0652,wealth,high,91.31
653,Customer 0653,small_business,low,72.92
654,Customer 0654,retail,medium,72.56
655,Customer 0655,wealth,high,95.61
656,Customer 0656,small_business,low,79.13
657,Customer 0657,retail,medium,84.48
658,Customer 0658,wealth,high,82.19
659,Customer 0659,small_business,low,80.1
660,Customer 0660,retail,medium,83.7
661,Customer 0661,wealth,high,76.27
662,Customer 0662,small_business,low,84.21
663,Customer 0663,retail,medium,75.32
664,Customer 0664,wealth,high,91.52
665,Customer 0665,small_business,low,73.47
666,Customer 0666,retail,medium,80.83
667,Customer 0667,wealth,high,87.21
668,Customer 0668,small_business,low,79.13
669,Customer 0669,retail,medium,77.49
670,Customer 0670,wealth,high,88.56
671,Customer 0671,small_business,low,76.58
672,Customer 0672,retail,medium,73.43
673,Customer 0673,wealth,high,87.56
674,Customer 0674,small_business,low,95.18
675,Customer 0675,retail,medium,94.67
676,Customer 0676,wealth,high,81.01
677,Customer 0677,small_business,low,88.27
678,Customer 0678,retail,medium,91.39
679,Customer 0679,wealth,high,96.59
680,Customer 0680,small_business,low,72.47
681,Customer 0681,retail,medium,88.97
682,Customer 0682,wealth,high,88.67
683,Customer 0683,small_business,low,81.69
684,Customer 0684,retail,medium,90.5
685,Customer 0685,wealth,high,77.77
686,Customer 0686,small_business,low,88.01
687,Customer 0687,retail,medium,86.12
688,Customer 0688,wealth,high,92.08
689,Customer 0689,small_business,low,84.77
690,Customer 0690,retail,medium,88.25
691,Customer 0691,wealth,high,88.45
692,Customer 0692,small_business,low,92.15
693,Customer 0693,retail,medium,77.36
694,Customer 0694,wealth,high,94.67
695,Customer 0695,small_business,low,74.92
696,Customer 0696,retail,medium,89.62
697,Customer 0697,wealth,high,93.78
698,Customer 0698,small_business,low,95.78
699,Customer 0699,retail,medium,85.61
700,Customer 0700,wealth,high,81.81
701,Customer 0701,small_business,low,78.52
702,Customer 0702,retail,medium,75.27
703,Customer 0703,wealth,high,84.3
704,Customer 0704,small_business,low,88.82
705,Customer 0705,retail,medium,82.43
706,Customer 0706,wealth,high,94.12
707,Customer 0707,small_business,low,78.91
708,Customer 0708,retail,medium,91.41
709,Customer 0709,wealth,high,92.15
710,Customer 0710,small_business,low,74.73
711,Customer 0711,retail,medium,80.31
712,Customer 0712,wealth,high,79.25
713,Customer 0713,small_business,low,88.15
714,Customer 0714,retail,medium,75.62
715,Customer 0715,wealth,high,81.54
716,Customer 0716,small_business,low,78.26
717,Customer 0717,retail,medium,85.75
718,Customer 0718,wealth,high,90.06
719,Customer 0719,small_business,low,89.55
720,Customer 0720,retail,medium,87.4
721,Customer 0721,wealth,high,76.38
722,Customer 0722,small_business,low,87.93
723,Customer 0723,retail,medium,94.21
724,Customer 0724,wealth,high,84.66
725,Customer 0725,small_business,low,83.88
726,Customer 0726,retail,medium,73.54
727,Customer 0727,wealth,high,91.5
728,Customer 0728,small_business,low,93.39
729,Customer 0729,retail,medium,83.73
730,Customer 0730,wealth,high,87.03
731,Customer 0731,small_business,low,88.64
732,Customer 0732,retail,medium,92.83
733,Customer 0733,wealth,high,79.21
734,Customer 0734,small_business,low,90.17
735,Customer 0735,retail,medium,91.34
736,Customer 0736,wealth,high,74.88
737,Customer 0737,small_business,low,90.33
738,Customer 0738,retail,medium,83.57
739,Customer 0739,wealth,high,91.48
740,Customer 0740,small_business,low,77.94
741,Customer 0741,retail,medium,85.22
742,Customer 0742,wealth,high,72.25
743,Customer 0743,small_business,low,88.46
744,Customer 0744,retail,medium,89.89
745,Customer 0745,wealth,high,73.17
746,Customer 0746,small_business,low,89.21
747,Customer 0747,retail,medium,87.75
748,Customer 0748,wealth,high,75.31
749,Customer 0749,small_business,low,86.67
750,Customer 0750,retail,medium,94.6
751,Customer 0751,wealth,high,92.79
752,Customer 0752,small_business,low,92.35
753,Customer 0753,retail,medium,87.13
754,Customer 0754,wealth,high,93.8
755,Customer 0755,small_business,low,72.74
756,Customer 0756,retail,medium,79.33
757,Customer 0757,wealth,high,80.08
758,Customer 0758,small_business,low,93.34
759,Customer 0759,retail,medium,96.54
760,Customer 0760,wealth,high,75.77
761,Customer 0761,small_business,low,83.5
762,Customer 0762,retail,medium,88.31
763,Customer 0763,wealth,high,84.94
764,Customer 0764,small_business,low,84.49
765,Customer 0765,retail,medium,90.5
766,Customer 0766,wealth,high,79.4
767,Customer 0767,small_business,low,80.91
768,Customer 0768,retail,medium,96.6
769,Customer 0769,wealth,high,82.24
770,Customer 0770,small_business,low,81.14
771,Customer 0771,retail,medium,93.68
772,Customer 0772,wealth,high,96.98
773,Customer 0773,small_business,low,72.69
774,Customer 0774,retail,medium,80.86
775,Customer 0775,wealth,high,89.87
776,Customer 0776,small_business,low,75.17
777,Customer 0777,retail,medium,89.57
778,Customer 0778,wealth,high,85.71
779,Customer 0779,small_business,low,84.79
780,Customer 0780,retail,medium,78.08
781,Customer 0781,wealth,high,92.16
782,Customer 0782,small_business,low,88.81
783,Customer 0783,retail,medium,87.13
784,Customer 0784,wealth,high,88.77
785,Customer 0785,small_business,low,94.6
786,Customer 0786,retail,medium,85.73
787,Customer 0787,wealth,high,77.11
788,Customer 0788,small_business,low,81.97
789,Customer 0789,retail,medium,93.93
790,Customer 0790,wealth,high,94.19
791,Customer 0791,small_business,low,96.85
792,Customer 0792,retail,medium,92.25
793,Customer 0793,wealth,high,93.34
794,Customer 0794,small_business,low,84.81
795,Customer 0795,retail,medium,91.42
796,Customer 0796,wealth,high,81.63
797,Customer 0797,small_business,low,85.95
798,Customer 0798,retail,medium,82.05
799,Customer 0799,wealth,high,80.27
800,Customer 0800,small_business,low,85.56
801,Customer 0801,retail,medium,78.67
802,Customer 0802,wealth,high,88.56
803,Customer 0803,small_business,low,73.25
804,Customer 0804,retail,medium,90.71
805,Customer 0805,wealth,high,76.5
806,Customer 0806,small_business,low,93.57
807,Customer 0807,retail,medium,77.26
808,Customer 0808,wealth,high,89.56
809,Customer 0809,small_business,low,94.11
810,Customer 0810,retail,medium,84.81
811,Customer 0811,wealth,high,72.15
812,Customer 0812,small_business,low,93.22
813,Customer 0813,retail,medium,78.48
814,Customer 0814,wealth,high,92.88
815,Customer 0815,small_business,low,86.35
816,Customer 0816,retail,medium,72.83
817,Customer 0817,wealth,high,82.94
818,Customer 0818,small_business,low,76.63
819,Customer 0819,retail,medium,92.09
820,Customer 0820,wealth,high,82.69
821,Customer 0821,small_business,low,76.48
822,Customer 0822,retail,medium,77.13
823,Customer 0823,wealth,high,87.75
824,Customer 0824,small_business,low,76.12
825,Customer 0825,retail,medium,96.01
826,Customer 0826,wealth,high,84.7
827,Customer 0827,small_business,low,81.11
828,Customer 0828,retail,medium,88.38
829,Customer 0829,wealth,high,88.95
830,Customer 0830,small_business,low,82.96
831,Customer 0831,retail,medium,92.6
832,Customer 0832,wealth,high,87.5
833,Customer 0833,small_business,low,95.88
834,Customer 0834,retail,medium,82.52
835,Customer 0835,wealth,high,80.06
836,Customer 0836,small_business,low,72.27
837,Customer 0837,retail,medium,76.27
838,Customer 0838,wealth,high,92.47
839,Customer 0839,small_business,low,84.58
840,Customer 0840,retail,medium,96.55
841,Customer 0841,wealth,high,86.9
842,Customer 0842,small_business,low,86.9
843,Customer 0843,retail,medium,91.58
844,Customer 0844,wealth,high,73.83
845,Customer 0845,small_business,low,96.89
846,Customer 0846,retail,medium,80.22
847,Customer 0847,wealth,high,89.9
848,Customer 0848,small_business,low,87.87
849,Customer 0849,retail,medium,95.14
850,Customer 0850,wealth,high,81.51
851,Customer 0851,small_business,low,75.28
852,Customer 0852,retail,medium,85.32
853,Customer 0853,wealth,high,72.34
854,Customer 0854,small_business,low,74.88
855,Customer 0855,retail,medium,78.63
856,Customer 0856,wealth,high,75.75
857,Customer 0857,small_business,low,75.89
858,Customer 0858,retail,medium,77.56
859,Customer 0859,wealth,high,93.42
860,Customer 0860,small_business,low,83.92
861,Customer 0861,retail,medium,94.89
862,Customer 0862,wealth,high,73.98
863,Customer 0863,small_business,low,89.88
864,Customer 0864,retail,medium,79.36
865,Customer 0865,wealth,high,95.58
866,Customer 0866,small_business,low,89.16
867,Customer 0867,retail,medium,73.14
868,Customer 0868,wealth,high,72.91
869,Customer 0869,small_business,low,81.83
870,Customer 0870,retail,medium,86.18
871,Customer 0871,wealth,high,88.15
872,Customer 0872,small_business,low,86.46
873,Customer 0873,retail,medium,80.04
874,Customer 0874,wealth,high,73.89
875,Customer 0875,small_business,low,88.15
876,Customer 0876,retail,medium,86.58
877,Customer 0877,wealth,high,85.3
878,Customer 0878,small_business,low,78.6
879,Customer 0879,retail,medium,91.4
880,Customer 0880,wealth,high,96.12
881,Customer 0881,small_business,low,82.15
882,Customer 0882,retail,medium,79.67
883,Customer 0883,wealth,high,81.42
884,Customer 0884,small_business,low,81.05
885,Customer 0885,retail,medium,88.41
886,Customer 0886,wealth,high,96.74
887,Customer 0887,small_business,low,92.94
888,Customer 0888,retail,medium,85.42
889,Customer 0889,wealth,high,93.22
890,Customer 0890,small_business,low,96.15
891,Customer 0891,retail,medium,96.32
892,Customer 0892,wealth,high,89.0
893,Customer 0893,small_business,low,81.11
894,Customer 0894,retail,medium,76.33
895,Customer 0895,wealth,high,76.43
896,Customer 0896,small_business,low,76.2
897,Customer 0897,retail,medium,93.54
898,Customer 0898,wealth,high,73.2
899,Customer 0899,small_business,low,94.53
900,Customer 0900,retail,medium,94.87
901,Customer 0901,wealth,high,86.42
902,Customer 0902,small_business,low,89.91
903,Customer 0903,retail,medium,76.48
904,Customer 0904,wealth,high,77.34
905,Customer 0905,small_business,low,79.7
906,Customer 0906,retail,medium,93.32
907,Customer 0907,wealth,high,80.91
908,Customer 0908,small_business,low,85.52
909,Customer 0909,retail,medium,86.6
910,Customer 0910,wealth,high,87.71
911,Customer 0911,small_business,low,85.81
912,Customer 0912,retail,medium,76.57
913,Customer 0913,wealth,high,72.44
914,Customer 0914,small_business,low,78.99
915,Customer 0915,retail,medium,76.15
916,Customer 0916,wealth,high,91.72
917,Customer 0917,small_business,low,96.06
918,Customer 0918,retail,medium,75.23
919,Customer 0919,wealth,high,88.52
920,Customer 0920,small_business,low,86.07
921,Customer 0921,retail,medium,80.86
922,Customer 0922,wealth,high,82.21
923,Customer 0923,small_business,low,87.1
924,Customer 0924,retail,medium,93.7
925,Customer 0925,wealth,high,89.65
926,Customer 0926,small_business,low,84.53
927,Customer 0927,retail,medium,92.58
928,Customer 0928,wealth,high,76.7
929,Customer 0929,small_business,low,79.6
930,Customer 0930,retail,medium,84.39
931,Customer 0931,wealth,high,96.3
932,Customer 0932,small_business,low,88.19
933,Customer 0933,retail,medium,79.16
934,Customer 0934,wealth,high,80.42
935,Customer 0935,small_business,low,88.31
936,Customer 0936,retail,medium,91.95
937,Customer 0937,wealth,high,92.98
938,Customer 0938,small_business,low,79.73
939,Customer 0939,retail,medium,86.12
940,Customer 0940,wealth,high,78.31
941,Customer 0941,small_business,low,83.98
942,Customer 0942,retail,medium,74.56
943,Customer 0943,wealth,high,96.06
944,Customer 0944,small_business,low,91.99
945,Customer 0945,retail,medium,86.75
946,Customer 0946,wealth,high,92.69
947,Customer 0947,small_business,low,94.2
948,Customer 0948,retail,medium,79.61
949,Customer 0949,wealth,high,87.54
950,Customer 0950,small_business,low,95.71
951,Customer 0951,retail,medium,91.16
952,Customer 0952,wealth,high,96.24
953,Customer 0953,small_business,low,83.09
954,Customer 0954,retail,medium,87.14
955,Customer 0955,wealth,high,91.76
956,Customer 0956,small_business,low,86.64
957,Customer 0957,retail,medium,94.22
958,Customer 0958,wealth,high,83.75
959,Customer 0959,small_business,low,96.31
960,Customer 0960,retail,medium,87.9
961,Customer 0961,wealth,high,74.5
962,Customer 0962,small_business,low,81.15
963,Customer 0963,retail,medium,94.03
964,Customer 0964,wealth,high,95.59
965,Customer 0965,small_business,low,88.94
966,Customer 0966,retail,medium,82.45
967,Customer 0967,wealth,high,81.86
968,Customer 0968,small_business,low,84.7
969,Customer 0969,retail,medium,92.54
970,Customer 0970,wealth,high,78.56
971,Customer 0971,small_business,low,78.74
972,Customer 0972,retail,medium,75.67
973,Customer 0973,wealth,high,73.4
974,Customer 0974,small_business,low,79.79
975,Customer 0975,retail,medium,90.55
976,Customer 0976,wealth,high,94.57
977,Customer 0977,small_business,low,90.99
978,Customer 0978,retail,medium,92.53
979,Customer 0979,wealth,high,94.23
980,Customer 0980,small_business,low,79.61
981,Customer 0981,retail,medium,90.43
982,Customer 0982,wealth,high,79.45
983,Customer 0983,small_business,low,89.28
984,Customer 0984,retail,medium,95.33
985,Customer 0985,wealth,high,89.99
986,Customer 0986,small_business,low,87.52
987,Customer 0987,retail,medium,84.49
988,Customer 0988,wealth,high,78.42
989,Customer 0989,small_business,low,92.8
990,Customer 0990,retail,medium,72.12
991,Customer 0991,wealth,high,91.76
992,Customer 0992,small_business,low,73.85
993,Customer 0993,retail,medium,93.72
994,Customer 0994,wealth,high,80.09
995,Customer 0995,small_business,low,85.35
996,Customer 0996,retail,medium,92.09
997,Customer 0997,wealth,high,86.68
998,Customer 0998,small_business,low,91.77
999,Customer 0999,retail,medium,92.97
1000,Customer 1000,wealth,high,76.7
1001,Customer 1001,small_business,low,75.54
1002,Customer 1002,retail,medium,87.48
1003,Customer 1003,wealth,high,80.52
1004,Customer 1004,small_business,low,86.64
1005,Customer 1005,retail,medium,87.92
1006,Customer 1006,wealth,high,89.56
1007,Customer 1007,small_business,low,74.71
1008,Customer 1008,retail,medium,76.44
1009,Customer 1009,wealth,high,94.1
1010,Customer 1010,small_business,low,90.63
1011,Customer 1011,retail,medium,75.26
1012,Customer 1012,wealth,high,75.26
1013,Customer 1013,small_business,low,74.33
1014,Customer 1014,retail,medium,91.55
1015,Customer 1015,wealth,high,74.69
1016,Customer 1016,small_business,low,75.32
1017,Customer 1017,retail,medium,77.67
1018,Customer 1018,wealth,high,77.74
1019,Customer 1019,small_business,low,89.07
1020,Customer 1020,retail,medium,92.81
1021,Customer 1021,wealth,high,82.71
1022,Customer 1022,small_business,low,93.2
1023,Customer 1023,retail,medium,74.66
1024,Customer 1024,wealth,high,77.17
1025,Customer 1025,small_business,low,77.19
1026,Customer 1026,retail,medium,72.9
1027,Customer 1027,wealth,high,92.66
1028,Customer 1028,small_business,low,78.05
1029,Customer 1029,retail,medium,73.27
1030,Customer 1030,wealth,high,88.97
1031,Customer 1031,small_business,low,85.82
1032,Customer 1032,retail,medium,96.88
1033,Customer 1033,wealth,high,74.94
1034,Customer 1034,small_business,low,83.5
1035,Customer 1035,retail,medium,87.71
1036,Customer 1036,wealth,high,72.04
1037,Customer 1037,small_business,low,82.37
1038,Customer 1038,retail,medium,89.15
1039,Customer 1039,wealth,high,76.38
1040,Customer 1040,small_business,low,81.52
1041,Customer 1041,retail,medium,80.15
1042,Customer 1042,wealth,high,91.02
1043,Customer 1043,small_business,low,94.23
1044,Customer 1044,retail,medium,96.47
1045,Customer 1045,wealth,high,91.36
1046,Customer 1046,small_business,low,74.87
1047,Customer 1047,retail,medium,75.03
1048,Customer 1048,wealth,high,87.66
1049,Customer 1049,small_business,low,86.21
1050,Customer 1050,retail,medium,73.39
1051,Customer 1051,wealth,high,84.74
1052,Customer 1052,small_business,low,96.7
1053,Customer 1053,retail,medium,92.37
1054,Customer 1054,wealth,high,81.69
1055,Customer 1055,small_business,low,78.55
1056,Customer 1056,retail,medium,81.38
1057,Customer 1057,wealth,high,92.1
1058,Customer 1058,small_business,low,83.09
1059,Customer 1059,retail,medium,77.38
1060,Customer 1060,wealth,high,82.03
1061,Customer 1061,small_business,low,77.75
1062,Customer 1062,retail,medium,83.68
1063,Customer 1063,wealth,high,94.4
1064,Customer 1064,small_business,low,79.49
1065,Customer 1065,retail,medium,90.03
1066,Customer 1066,wealth,high,91.4
1067,Customer 1067,small_business,low,85.21
1068,Customer 1068,retail,medium,89.62
1069,Customer 1069,wealth,high,93.7
1070,Customer 1070,small_business,low,85.21
1071,Customer 1071,retail,medium,81.12
1072,Customer 1072,wealth,high,90.25
1073,Customer 1073,small_business,low,73.48
1074,Customer 1074,retail,medium,96.36
1075,Customer 1075,wealth,high,95.11
1076,Customer 1076,small_business,low,88.95
1077,Customer 1077,retail,medium,80.33
1078,Customer 1078,wealth,high,92.32
1079,Customer 1079,small_business,low,96.34
1080,Customer 1080,retail,medium,81.67
1081,Customer 1081,wealth,high,94.23
1082,Customer 1082,small_business,low,80.68
1083,Customer 1083,retail,medium,83.41
1084,Customer 1084,wealth,high,95.74
1085,Customer 1085,small_business,low,72.98
1086,Customer 1086,retail,medium,76.99
1087,Customer 1087,wealth,high,94.02
1088,Customer 1088,small_business,low,94.99
1089,Customer 1089,retail,medium,90.33
1090,Customer 1090,wealth,high,93.02
1091,Customer 1091,small_business,low,81.83
1092,Customer 1092,retail,medium,85.62
1093,Customer 1093,wealth,high,78.16
1094,Customer 1094,small_business,low,78.33
1095,Customer 1095,retail,medium,73.15
1096,Customer 1096,wealth,high,78.66
1097,Customer 1097,small_business,low,86.5
1098,Customer 1098,retail,medium,88.57
1099,Customer 1099,wealth,high,74.32
1100,Customer 1100,small_business,low,95.66
1101,Customer 1101,retail,medium,95.76
1102,Customer 1102,wealth,high,76.92
1103,Customer 1103,small_business,low,95.2
1104,Customer 1104,retail,medium,77.86
1105,Customer 1105,wealth,high,74.79
1106,Customer 1106,small_business,low,87.89
1107,Customer 1107,retail,medium,90.08
1108,Customer 1108,wealth,high,73.88
1109,Customer 1109,small_business,low,81.0
1110,Customer 1110,retail,medium,73.1
1111,Customer 1111,wealth,high,85.74
1112,Customer 1112,small_business,low,81.79
1113,Customer 1113,retail,medium,94.24
1114,Customer 1114,wealth,high,80.02
1115,Customer 1115,small_business,low,81.83
1116,Customer 1116,retail,medium,76.15
1117,Customer 1117,wealth,high,86.82
1118,Customer 1118,small_business,low,91.96
1119,Customer 1119,retail,medium,75.74
1120,Customer 1120,wealth,high,84.51
1121,Customer 1121,small_business,low,75.4
1122,Customer 1122,retail,medium,80.1
1123,Customer 1123,wealth,high,86.0
1124,Customer 1124,small_business,low,83.22
1125,Customer 1125,retail,medium,78.95
1126,Customer 1126,wealth,high,92.17
1127,Customer 1127,small_business,low,88.76
1128,Customer 1128,retail,medium,88.39
1129,Customer 1129,wealth,high,82.13
1130,Customer 1130,small_business,low,80.43
1131,Customer 1131,retail,medium,79.99
1132,Customer 1132,wealth,high,86.44
1133,Customer 1133,small_business,low,75.35
1134,Customer 1134,retail,medium,80.78
1135,Customer 1135,wealth,high,85.37
1136,Customer 1136,small_business,low,89.72
1137,Customer 1137,retail,medium,91.75
1138,Customer 1138,wealth,high,88.5
1139,Customer 1139,small_business,low,72.45
1140,Customer 1140,retail,medium,95.26
1141,Customer 1141,wealth,high,80.85
1142,Customer 1142,small_business,low,81.39
1143,Customer 1143,retail,medium,95.43
1144,Customer 1144,wealth,high,86.81
1145,Customer 1145,small_business,low,94.47
1146,Customer 1146,retail,medium,80.67
1147,Customer 1147,wealth,high,94.77
1148,Customer 1148,small_business,low,77.45
1149,Customer 1149,retail,medium,94.17
1150,Customer 1150,wealth,high,78.09
1151,Customer 1151,small_business,low,88.2
1152,Customer 1152,retail,medium,77.3
1153,Customer 1153,wealth,high,79.64
1154,Customer 1154,small_business,low,80.23
1155,Customer 1155,retail,medium,88.52
1156,Customer 1156,wealth,high,82.81
1157,Customer 1157,small_business,low,75.31
1158,Customer 1158,retail,medium,83.37
1159,Customer 1159,wealth,high,82.71
1160,Customer 1160,small_business,low,92.5
1161,Customer 1161,retail,medium,89.91
1162,Customer 1162,wealth,high,88.82
1163,Customer 1163,small_business,low,84.04
1164,Customer 1164,retail,medium,74.45
1165,Customer 1165,wealth,high,96.32
1166,Customer 1166,small_business,low,93.3
1167,Customer 1167,retail,medium,94.41
1168,Customer 1168,wealth,high,82.01
1169,Customer 1169,small_business,low,78.49
1170,Customer 1170,retail,medium,90.02
1171,Customer 1171,wealth,high,77.48
1172,Customer 1172,small_business,low,92.44
1173,Customer 1173,retail,medium,78.02
1174,Customer 1174,wealth,high,91.91
1175,Customer 1175,small_business,low,91.91
1176,Customer 1176,retail,medium,78.62
1177,Customer 1177,wealth,high,96.79
1178,Customer 1178,small_business,low,93.83
1179,Customer 1179,retail,medium,90.13
1180,Customer 1180,wealth,high,96.97
1181,Customer 1181,small_business,low,90.26
1182,Customer 1182,retail,medium,76.76
1183,Customer 1183,wealth,high,86.13
1184,Customer 1184,small_business,low,73.83
1185,Customer 1185,retail,medium,75.91
1186,Customer 1186,wealth,high,72.02
1187,Customer 1187,small_business,low,81.66
1188,Customer 1188,retail,medium,96.63
1189,Customer 1189,wealth,high,73.73
1190,Customer 1190,small_business,low,80.03
1191,Customer 1191,retail,medium,83.0
1192,Customer 1192,wealth,high,75.33
1193,Customer 1193,small_business,low,81.68
1194,Customer 1194,retail,medium,96.32
1195,Customer 1195,wealth,high,74.06
1196,Customer 1196,small_business,low,81.64
1197,Customer 1197,retail,medium,95.0
1198,Customer 1198,wealth,high,87.8
1199,Customer 1199,small_business,low,83.39
1200,Customer 1200,retail,medium,78.89
